"Products of agriculture, hunting and related services         ",2822,89,0,0,0,0,0,3931,893,0,3495,1065,42,1017,718,97,0,279,2,0,0,0,0,0,0,0,0,2,2,9,0,67,79,0,0,0,0,0,0,0,0,0,0,0,0,0,0,0,0,0,0,9,0,0,0,0,0,129,21,165,160,0,0,39,0,0,0,248,625,0,12,1,0,0,0,0,0,0,0,0,0,0,0,7,0,0,0,0,3,0,0,0,0,0,35,28,33,1,0,6,6,2,0,0
"Products of forestry, logging and related services         ",0,414,0,1,0,0,0,0,0,0,0,0,0,0,0,0,0,0,0,0,0,180,0,0,0,0,0,4,0,0,0,0,0,0,0,0,0,0,0,0,0,0,0,0,0,0,0,0,0,0,0,0,0,0,0,0,0,96,0,0,0,0,0,0,0,0,0,0,0,0,0,0,0,0,0,0,0,0,0,0,0,0,0,0,0,0,0,0,0,0,0,0,0,0,0,0,0,0,0,0,0,0,0,0
Fish and other fishing products; aquaculture products; support services to fishing     ,0,0,136,0,0,0,0,0,689,0,0,0,0,0,0,0,0,0,0,0,0,0,0,0,0,0,0,0,0,0,0,0,0,0,0,0,0,0,0,0,0,0,0,0,0,0,0,0,0,0,0,0,0,0,0,0,0,0,0,0,4,0,0,34,0,0,0,69,153,0,0,0,0,0,0,0,0,0,0,0,0,0,0,0,0,0,0,0,0,0,0,0,0,0,0,0,0,0,0,0,0,0,0,0
Coal and lignite             ,0,0,0,53,0,1,0,1,1,0,1,1,0,34,1,0,0,0,0,0,0,0,10,0,39,0,0,0,0,0,6,0,0,38,0,0,2,0,12,0,1,0,1,0,0,0,0,0,0,0,0,3786,6,0,0,0,0,0,0,0,0,0,0,0,0,0,0,0,0,0,0,0,0,0,0,0,0,0,0,0,0,0,0,0,0,0,0,0,0,0,0,0,0,0,4,0,0,0,0,0,0,0,0,0
Crude Petroleum And Natural Gas & Metal Ores,0,0,0,0,1436,0,0,0,0,0,0,0,0,0,0,0,0,0,0,0,0,0,0,0,23599,0,0,58,9,0,256,0,0,0,1,311,886,0,0,0,0,0,0,0,0,0,0,0,0,0,0,15232,10912,0,0,0,0,0,0,0,0,0,0,0,0,0,0,0,0,0,0,0,0,0,0,0,0,0,0,0,0,0,0,0,0,0,0,0,0,0,0,0,0,0,0,0,0,0,0,0,0,0,0,0
Other mining and quarrying products           ,0,0,0,0,0,773,0,1,0,1,0,0,0,0,0,0,0,0,0,0,0,0,25,0,0,51,0,15,341,71,3,0,0,631,363,0,32,0,0,0,0,0,0,0,0,0,0,200,0,0,0,0,0,0,3,0,0,2129,0,158,22,8,0,0,0,59,0,11,30,0,2,0,0,0,0,0,0,0,0,0,0,0,0,0,0,0,0,0,7,18,1,9,0,5,0,0,0,1,0,5,7,6,0,2
Mining support services             ,0,0,0,0,4270,0,294,0,0,0,0,0,0,0,0,0,0,0,0,0,0,0,0,0,0,0,0,0,0,0,0,0,0,0,0,0,0,0,0,0,0,0,0,0,0,0,0,0,0,0,0,0,0,0,0,0,0,0,0,0,0,0,0,0,0,0,0,0,0,0,0,0,0,0,0,0,0,0,0,0,0,0,0,0,0,0,0,0,0,0,0,0,0,0,0,0,0,0,0,0,0,0,0,0
Preserved meat and meat products           ,7,1,3,0,3,1,0,3805,1,10,1,5,28,413,137,3,1,1,2,2,101,1,3,1,9,1,1,2,1,2,1,5,2,1,6,32,1,2,0,65,1,6,6,0,6,0,1,1,0,1,1,7,2,1,0,5,0,6,7,84,395,3,7,2,3,8,10,268,597,2,10,12,9,1,30,16,0,0,0,3,2,3,9,1,7,3,1,1,11,1,2,6,93,94,138,264,132,1,2,0,40,1,1,1
"Processed and preserved fish, crustaceans, molluscs, fruit and vegetables       ",19,0,4,0,12,2,2,72,697,0,207,89,302,311,158,73,107,1,2,5,0,3,4,3,17,1,1,6,3,3,1,6,7,2,7,36,3,2,0,8,3,11,13,2,10,1,2,1,0,1,2,21,6,0,1,8,0,13,23,291,1140,12,28,21,18,54,51,506,1352,4,36,43,25,2,106,19,0,0,0,12,2,13,20,6,19,16,4,1,41,10,4,22,38,52,176,145,221,4,6,26,31,14,1,1
Vegetable and animal oils and fats          ,3,0,0,0,3,0,0,135,105,423,19,41,172,114,364,0,0,0,0,0,0,0,0,0,25,49,24,16,5,32,0,7,0,0,0,0,0,0,0,0,0,0,1,0,0,0,0,0,0,0,0,2,0,0,0,0,0,7,6,17,126,0,1,8,3,5,37,37,106,1,3,1,2,0,14,4,0,0,0,3,3,18,2,3,2,10,0,0,20,1,1,10,13,4,48,24,520,1,0,3,4,3,0,3
Dairy products              ,11,0,0,0,12,1,2,41,45,5,885,18,299,379,13,1,1,0,2,1,0,2,3,1,7,1,1,1,1,3,1,4,3,2,2,35,2,2,0,2,2,4,9,2,9,1,2,1,0,1,1,7,4,0,0,6,0,5,6,188,517,7,8,8,9,15,27,143,340,2,11,24,11,1,44,14,13,0,1,4,2,9,9,2,10,9,1,1,20,2,3,9,17,0,84,55,111,1,4,8,10,6,1,0
"Grain mill products, starches and starch products         ",4,0,3,0,0,0,0,365,77,0,20,664,941,207,951,385,0,0,0,0,0,0,67,0,0,0,0,0,0,0,0,20,0,0,0,0,0,0,0,0,0,0,0,0,0,0,0,0,0,0,0,0,0,0,0,0,0,0,0,99,114,0,1,0,0,0,0,48,137,0,2,0,1,0,0,0,0,0,0,0,0,0,0,0,0,0,0,0,0,0,0,0,0,4,69,30,17,1,0,5,3,0,0,0
Bakery and farinaceous products            ,8,0,0,0,8,1,2,4,1,0,4,4,68,4,0,1,3,0,1,1,0,1,2,1,6,1,1,1,0,2,0,4,3,1,0,33,2,0,0,3,1,1,9,0,2,0,2,1,0,0,1,8,2,1,1,5,0,4,6,573,1110,7,6,9,9,8,24,306,822,2,11,15,8,1,38,17,9,0,0,3,6,7,8,2,6,7,1,1,20,2,3,11,16,2,78,91,200,1,3,5,10,3,1,0
Other food products             ,21,0,4,0,25,0,2,277,271,0,142,277,655,2459,185,131,665,0,3,2,0,3,7,6,10,5,4,9,4,0,0,28,7,63,19,22,15,0,0,8,4,9,18,0,0,0,3,4,0,0,0,27,10,4,4,12,0,142,31,319,1149,14,23,22,20,53,52,320,901,5,48,56,23,3,107,23,22,0,0,10,10,33,33,7,18,22,5,2,68,15,7,29,56,7,138,223,472,8,7,33,37,18,1,1
Prepared animal feeds             ,2620,0,111,0,0,0,0,104,0,0,0,1,0,0,65,0,0,0,0,0,0,0,0,0,0,0,0,0,0,0,0,0,0,0,0,0,0,0,0,0,0,0,0,0,0,0,0,0,0,0,0,0,0,0,0,0,0,0,0,0,10,0,0,0,0,0,0,9,21,0,2,0,0,0,0,0,0,0,0,0,0,0,0,0,0,0,0,0,0,0,0,7,0,0,3,0,63,24,6,0,75,0,0,0
Alcoholic beverages              ,0,0,0,0,0,0,0,0,0,0,0,22,0,18,79,368,0,0,0,0,0,0,0,0,0,0,0,0,0,0,0,0,0,0,0,0,0,0,0,0,0,0,0,0,0,0,0,0,0,0,0,0,0,0,0,0,0,3,0,160,302,8,0,18,17,43,22,3599,11987,0,47,18,0,0,59,8,8,0,0,9,11,24,2,6,18,11,0,0,19,10,4,15,31,0,5,0,95,10,6,39,41,276,0,6
Soft drinks              ,22,0,0,0,0,0,0,0,0,0,0,0,0,0,0,0,20,0,0,0,0,0,0,0,0,0,0,0,0,0,0,0,0,0,0,0,0,0,0,0,0,0,0,0,0,0,0,0,0,0,0,0,0,0,0,0,0,8,1,43,56,9,3,2,9,43,31,91,366,0,98,15,2,0,58,8,6,0,1,10,3,16,1,2,7,11,0,0,23,4,1,12,20,9,46,2,79,15,6,34,76,28,0,2
Tobacco products              ,5,0,0,0,0,0,0,0,0,0,0,0,0,0,0,0,0,80,0,0,0,0,0,0,0,0,0,0,0,0,0,0,0,0,0,0,0,0,0,0,0,0,0,0,0,0,0,0,0,0,0,0,0,0,0,0,0,0,0,0,0,0,0,0,0,0,0,0,5,0,0,0,0,0,0,0,0,0,0,0,0,0,0,0,11,0,0,0,0,0,0,0,0,0,0,0,45,0,0,0,0,20,0,0
Textiles               ,137,0,18,0,0,0,0,0,0,0,0,0,0,0,0,0,0,0,1556,1272,48,0,39,1,0,0,11,20,0,0,0,0,93,20,0,0,0,0,2,1,0,0,399,0,16,0,252,32,0,1,0,0,0,0,0,0,0,246,132,202,371,2,9,2,9,11,28,36,85,1,17,6,7,2,41,21,0,1,1,10,2,5,2,9,7,4,1,10,11,2,0,32,6,37,98,216,89,5,3,11,26,9,0,50
Wearing apparel              ,0,2,0,0,9,0,0,0,0,0,0,0,2,0,0,0,0,0,2,23,0,0,0,0,0,0,0,0,0,0,0,0,0,0,0,0,0,0,0,0,0,0,0,0,0,0,0,0,0,0,0,0,0,0,0,12,0,12,2,9,9,0,2,0,2,2,5,5,16,0,4,2,2,2,9,2,2,0,0,2,2,4,2,2,2,2,0,5,4,0,2,11,2,495,69,254,59,0,0,4,6,2,0,11
Leather and related products            ,0,0,3,0,0,0,0,0,0,0,0,0,0,0,0,0,0,0,1,1,107,0,0,0,0,0,0,0,0,0,0,0,0,0,0,0,0,0,0,0,0,0,74,0,104,0,93,2,0,0,0,0,0,0,3,0,0,26,435,101,154,4,16,0,4,4,19,36,104,0,32,23,5,1,15,6,7,1,0,1,1,7,3,9,6,6,1,2,15,1,5,17,13,235,68,2,93,4,3,10,19,12,0,31
"Wood and of products of wood and cork, except furniture; articles of straw and plaiting materials",25,5,0,11,10,7,2,20,0,0,12,1,3,8,3,15,12,3,8,0,0,2218,71,1,0,7,0,0,2,30,0,4,18,78,0,3,6,7,127,21,26,41,215,90,15,0,626,33,23,1,7,8,0,0,1,6,0,3956,19,54,72,4,3,2,0,17,10,23,59,3,17,17,11,1,7,58,13,1,3,16,6,13,12,6,7,4,0,12,15,2,1,64,12,17,165,3,40,4,3,11,10,10,0,3
Paper and paper products            ,387,1,3,1,0,4,0,334,304,14,124,495,337,703,101,211,107,320,89,52,23,99,3424,1818,15,7,280,127,12,23,26,101,499,113,150,11,13,5,137,83,106,111,61,3,41,4,86,45,3,5,16,70,5,19,17,44,1,381,91,808,342,3,90,0,8,56,39,56,149,975,28,35,169,2,386,444,140,100,3,66,33,62,143,17,164,19,11,22,55,4,4,93,45,1019,376,744,246,4,22,18,46,12,4,51
Printing and recording services            ,10,5,0,1,0,1,0,5,1,2,1,1,3,7,1,4,1,3,2,1,0,1,8,804,7,3,3,5,1,17,1,22,7,0,7,0,4,0,8,0,7,14,12,2,13,1,3,5,0,1,5,18,4,0,0,27,0,21,97,253,134,1,15,2,1,88,7,5,9,1266,15,120,37,1,705,852,110,110,1,145,6,14,20,1,18,11,2,1,8,118,5,47,9,961,969,831,124,21,73,3,189,11,1,9
Coke and refined petroleum products           ,1369,110,263,166,376,140,47,158,57,6,135,39,203,168,110,101,49,3,22,62,8,157,130,41,4437,15,53,145,232,690,92,63,253,231,91,852,60,4,183,91,220,354,126,22,144,16,124,55,14,12,39,742,151,97,106,70,8,1198,753,2209,1989,313,4226,412,2335,242,531,445,1026,30,138,632,344,66,672,159,194,55,5,89,122,94,406,162,111,106,11,190,179,108,23,70,162,1610,566,296,484,35,19,69,98,106,20,99
"Paints, varnishes and similar coatings, printing ink and mastics       ",39,0,0,0,0,0,0,0,0,0,0,0,0,0,0,0,0,0,2,0,0,62,185,374,0,241,0,9,0,3,0,0,19,16,36,1,2,0,314,15,59,114,401,44,36,24,50,16,39,3,31,0,0,0,10,14,0,869,6,67,65,11,12,0,0,4,2,12,33,274,18,9,14,1,11,6,5,24,0,3,6,1,9,4,47,1,0,2,8,1,1,0,5,111,146,0,95,4,4,15,25,13,0,18
"Soap and detergents, cleaning and polishing preparations, perfumes and toilet preparations     ",35,4,0,0,0,0,0,14,6,0,18,0,19,17,0,5,0,0,0,0,0,0,0,0,0,0,1421,2,3,3,2,8,0,0,0,0,0,0,0,0,0,0,0,0,0,0,0,0,0,0,0,0,0,0,31,68,6,77,76,32,126,7,25,2,13,4,17,47,116,0,27,6,10,2,19,4,14,2,2,2,2,3,7,11,25,9,5,6,28,2,3,331,17,153,308,30,347,3,8,13,41,10,0,136
Other chemical products             ,24,14,0,11,0,13,0,44,14,2,13,9,3,136,100,0,0,6,2,0,13,38,116,198,116,10,119,767,2,9,3,4,54,46,0,7,5,93,14,101,0,2,34,0,0,3,19,19,0,0,2,0,0,0,32,13,4,238,78,122,240,2,28,0,2,37,6,3,9,14,85,15,2,0,10,6,2,0,0,0,0,0,0,19,13,30,9,0,28,4,4,192,20,24,113,483,124,22,6,63,38,15,0,92
"Industrial gases, inorganics and fertilisers (all inorganic chemicals) - 20.11/13/15      ",297,3,3,1,37,14,6,1,3,1,0,5,6,4,0,12,3,0,6,0,8,1,44,1,6,139,76,129,251,3106,104,29,45,22,33,18,15,0,52,29,4,3,8,0,7,0,0,3,0,1,4,18,1,31,3,3,0,21,1,10,7,1,0,1,3,3,1,1,1,1,21,1,1,0,2,3,0,0,0,0,0,1,1,10,4,1,0,1,4,0,1,19,4,22,21,268,20,5,4,4,11,4,1,5
Petrochemicals - 20.14/16/17/60             ,18,4,0,7,0,17,0,0,1,0,0,24,17,23,0,23,28,0,481,0,34,59,368,9,59,540,213,731,798,7625,155,125,4253,219,590,156,61,2,108,72,806,57,1673,18,100,3,147,79,18,8,6,23,0,28,26,20,2,156,6,40,34,1,8,0,1,15,2,62,139,10,4,5,0,0,1,0,0,0,0,0,0,0,0,50,6,7,0,0,18,2,3,18,13,36,88,0,0,0,0,5,0,1,1,5
"Dyestuffs, agro-chemicals - 20.12/20            ",515,4,0,0,0,0,0,1,3,0,0,1,0,0,0,0,5,0,50,0,3,0,16,1,10,181,10,12,52,44,221,3,34,19,4,19,16,1,11,4,6,2,8,0,17,0,0,2,0,1,0,1,3,5,9,5,0,31,2,33,38,1,4,0,0,9,0,1,2,1,11,4,1,0,1,11,0,0,0,0,0,0,1,5,2,1,1,0,6,1,1,10,4,42,31,38,11,1,0,4,3,2,0,12
Basic pharmaceutical products and pharmaceutical preparations          ,240,0,0,0,0,0,0,0,1,0,0,35,0,0,547,0,0,0,0,0,0,0,0,0,6,0,75,0,0,0,0,3054,0,0,0,0,0,0,1,0,0,0,0,0,0,0,0,2,0,0,0,0,0,0,8,22,0,4,24,64,110,1,2,0,0,0,6,15,39,0,5,1,1,0,0,0,0,0,0,0,0,0,0,15,2,1,41,1,2,0,0,0,1,245,124,16854,102,1,0,4,0,5,0,20
Rubber and plastic products            ,231,1,30,4,3,17,0,466,305,6,351,49,280,317,45,15,384,0,52,1,12,92,144,111,15,76,626,202,8,9,0,91,2115,74,31,26,19,0,265,147,209,515,2601,158,79,20,259,154,42,8,147,17,2,4,21,18,2,5118,962,939,425,46,736,35,9,140,69,14,44,10,30,1010,108,12,189,51,40,45,1,32,0,18,17,14,17,11,8,21,39,43,4,298,32,187,178,406,117,4,3,21,14,18,16,55
"Cement, lime, plaster and articles of concrete, cement and plaster ",84,0,0,4,8,214,0,0,0,0,0,0,0,0,0,0,0,0,0,0,0,0,0,0,0,1,4,0,1,3,0,0,0,896,13,26,22,2,1,0,0,2,2,0,0,0,0,0,0,0,0,8,0,11,21,38,2,5756,3,152,30,45,3,0,1,11,4,0,0,0,29,17,1,0,0,0,0,14,0,0,0,0,0,0,2,1,0,0,3,0,1,17,3,188,250,45,7,5,19,3,74,3,0,3
"Glass, refractory, clay, other porcelain and ceramic, stone and abrasive products - 23.1-4/7-9",57,0,0,4,3,63,0,0,50,0,20,0,0,134,0,393,63,0,0,0,0,62,3,0,0,8,61,12,9,59,0,35,205,158,576,149,138,0,71,224,92,12,488,25,6,0,1,15,16,0,11,3,0,0,3,46,0,4298,240,319,106,46,31,2,16,39,13,15,39,0,13,45,9,1,0,0,0,0,0,0,0,0,0,0,2,3,1,0,8,2,1,33,3,126,157,38,34,1,6,11,8,7,1,4
Basic iron and steel            ,4,0,0,1,130,4,12,1,1,0,2,1,0,2,0,0,0,0,5,0,0,1,0,1,25,1,1,2,1,0,1,1,42,42,2,2877,91,11,3751,116,223,1689,1891,80,58,105,387,52,28,5,134,14,2,14,0,14,0,130,6,6,1,12,34,0,0,1,6,0,0,0,0,6,0,0,0,23,1,0,0,0,0,0,0,0,0,0,0,0,0,0,0,0,0,0,1,0,0,0,0,2,0,0,1,0
Other basic metals and casting           ,213,0,0,0,19,1,2,0,17,0,0,0,0,20,0,0,0,4,2,0,0,0,0,6,2,0,0,102,8,88,0,47,70,53,103,92,4483,26,2841,401,1331,1501,2949,22,981,40,82,240,22,67,117,480,0,6,4,6,0,820,7,101,161,2,9,2,1,4,22,0,0,1,0,91,20,2,1,18,0,0,0,0,1,0,1,2,4,0,0,2,2,0,0,30,1,1,5,0,0,0,0,2,0,0,1,2
Weapons and ammunition             ,0,0,0,0,17,1,0,0,0,0,0,0,0,0,0,0,0,0,0,0,0,0,0,0,0,0,0,0,0,0,0,0,20,0,0,0,0,1397,20,0,0,23,0,0,0,21,0,0,0,0,0,0,0,0,0,0,0,0,0,0,0,0,0,0,0,0,0,0,0,0,0,0,0,0,0,0,0,0,0,0,0,0,0,0,0,0,0,0,0,0,0,0,0,2415,0,0,0,0,0,0,0,0,0,0
"Fabricated metal products, excl. machinery and equipment and weapons & ammunition - 25.1-3/25.5-9   ",205,4,12,64,644,25,134,85,98,0,51,4,91,223,171,530,311,6,35,22,18,173,28,89,223,60,215,49,15,35,16,83,616,158,155,137,176,65,3266,536,873,3209,3560,222,3229,135,213,284,53,186,156,370,32,16,10,101,0,5525,234,215,218,64,27,34,6,25,14,5,15,7,5,40,21,2,30,32,22,66,1,1,0,1,6,2,14,3,1,11,13,1,1,19,10,32,162,93,144,1,0,5,16,0,18,2
"Computer, electronic and optical products           ",27,25,9,18,14,17,2,24,3,1,8,6,15,25,6,13,5,5,17,14,3,21,35,19,2,7,13,84,26,102,20,28,39,22,12,119,105,12,132,5223,887,467,973,103,368,14,16,652,36,38,417,219,75,20,18,141,2,489,149,204,102,7,114,6,28,86,45,36,94,30,146,4145,524,62,131,74,50,82,2,18,0,10,90,18,20,66,46,59,25,34,15,21,17,8970,961,7206,367,17,44,34,114,15,95,28
Electrical equipment              ,87,0,2,2,99,1,10,3,1,0,2,0,3,1,1,1,3,4,2,0,1,5,3,2,2,0,3,1,1,3,1,1,14,4,5,14,9,27,35,709,1245,593,942,79,53,36,3,278,35,6,437,1371,33,8,0,42,0,2078,110,194,313,13,403,13,21,33,69,1,2,2,75,648,179,26,103,44,27,53,2,20,0,7,30,13,21,17,0,284,16,4,28,12,15,785,153,4,86,4,15,15,66,9,120,41
Machinery and equipment n.e.c.            ,68,8,6,84,167,56,22,203,21,4,46,54,95,158,28,76,27,0,42,15,1,81,245,178,110,20,10,40,38,40,22,54,132,99,66,369,165,52,96,272,480,2901,1841,281,421,43,78,42,58,39,237,294,43,173,10,191,0,1495,706,323,118,38,81,7,3,21,28,7,9,21,63,97,68,8,62,50,15,89,0,14,1,6,13,2,25,37,0,72,15,2,30,12,12,330,22,3,47,0,0,3,44,1,13,6
"Motor vehicles, trailers and semi-trailers           ",72,36,0,25,0,50,2,25,5,1,29,5,31,11,12,49,12,1,21,7,1,32,21,16,2,6,0,8,12,32,13,6,78,50,22,68,63,11,95,106,214,681,11223,7,8,69,88,27,10,1,211,68,6,13,17,62,0,232,6698,543,383,5,1208,7,10,135,307,15,51,10,57,134,164,24,172,147,57,84,2,35,27,54,96,12,54,27,1,1087,82,40,444,42,72,555,135,42,379,1,13,12,75,7,33,30
Ships and boats             ,0,0,4,0,0,0,3,0,0,0,0,0,0,0,0,0,0,0,0,0,0,0,0,0,0,0,0,0,0,0,0,0,0,0,0,0,0,0,0,0,0,0,0,223,0,0,0,0,0,0,0,0,0,0,0,0,0,0,0,0,0,0,0,6,0,0,0,0,0,0,0,0,0,0,0,4,0,0,0,0,0,0,0,0,0,0,0,0,0,0,0,4,0,22,0,0,0,0,0,0,0,0,0,0
Air and spacecraft and related machinery          ,4,0,0,0,79,0,13,0,0,0,0,0,0,0,0,0,0,0,0,0,0,0,0,0,0,0,0,0,0,2,0,0,0,0,0,0,0,0,0,0,1,0,10,0,3294,0,9,0,0,188,1,0,0,0,0,0,0,7,6,3,4,0,4,0,387,11,4,1,1,0,8,12,4,1,1,32,1,0,0,1,0,1,1,0,3,1,0,1,3,3,0,0,1,205,3,0,4,0,0,3,6,3,0,1
Other transport equipment - 30.2/4/9           ,2,6,0,0,0,0,0,0,0,0,0,0,0,0,0,0,0,0,0,0,0,0,0,0,0,0,0,0,0,0,0,0,0,0,0,0,0,23,2,0,0,0,0,0,0,235,0,0,0,0,38,0,0,0,0,0,0,6,4,6,2,36,0,0,2,14,4,2,2,0,2,0,2,2,2,0,0,0,0,0,0,0,2,4,4,0,2,4,4,4,0,2,2,8,0,288,0,0,0,4,0,2,0,2
Furniture               ,0,8,1,0,0,0,0,4,1,0,1,1,2,2,0,2,1,0,3,1,0,1,2,1,0,2,1,2,2,2,2,4,2,7,5,0,0,1,1,5,2,6,131,2,7,4,404,2,3,1,6,21,1,3,0,1,0,59,9,17,44,2,6,2,1,7,7,10,29,2,9,6,8,2,29,16,4,16,1,24,6,6,13,3,3,5,1,12,21,1,2,10,24,664,397,175,159,1,5,5,44,3,1,4
Other manufactured goods             ,117,19,6,16,11,12,0,3,15,2,13,30,23,57,14,32,15,8,14,69,10,37,34,959,18,18,17,89,27,188,19,16,75,14,66,0,0,5,15,16,88,1191,534,69,144,9,34,371,40,13,321,130,33,28,96,0,7,667,220,410,175,21,113,15,22,110,52,41,105,132,37,334,145,16,215,122,134,21,6,95,24,50,144,15,93,20,165,25,13,10,10,40,2,95,337,9,276,5,8,33,23,6,8,37
Repair and maintenance of ships and boats         ,0,0,63,0,210,0,53,0,0,0,0,0,0,0,0,0,0,0,0,0,0,0,0,0,0,0,0,0,0,0,0,0,1,0,0,0,0,0,0,0,0,2,0,105,0,0,0,0,65,0,0,0,0,0,3,9,0,2,6,0,0,0,0,510,0,48,0,0,0,0,0,0,0,0,1,14,14,0,0,0,0,0,0,0,0,0,0,0,0,12,0,9,0,0,0,0,0,0,0,0,0,0,0,0
Repair and maintenance of aircraft and spacecraft         ,3,0,0,0,97,0,9,0,0,0,0,0,0,0,0,0,0,0,0,0,0,0,0,0,0,0,0,0,0,0,0,0,0,0,0,0,0,0,0,0,0,0,0,0,2107,0,0,0,0,1725,0,0,0,0,0,0,0,4,4,0,0,0,2,0,309,49,0,0,0,0,2,13,2,0,0,0,0,0,0,0,0,0,0,0,0,0,0,0,0,2,0,0,0,0,0,0,0,0,0,2,4,3,0,0
Rest of repair; Installation - 33.11-14/17/19/20          ,42,11,10,44,263,29,20,57,28,1,31,9,41,59,8,49,30,4,14,11,1,79,28,12,58,11,11,2,16,77,19,13,194,46,38,81,73,44,213,253,460,1023,1280,132,410,604,52,123,75,84,125,340,28,58,10,52,0,2772,255,185,92,119,105,28,10,124,30,7,20,20,21,401,92,13,33,20,12,23,0,8,6,3,32,6,13,4,157,46,13,8,1,26,10,0,22,3,45,4,67,6,49,3,21,11
"Electricity, transmission and distribution",399,16,67,56,170,139,12,238,118,9,94,110,140,194,71,236,31,10,80,31,4,95,601,123,603,20,52,55,136,282,188,180,381,328,224,264,303,29,295,135,139,422,444,155,209,31,67,59,28,17,53,27745,2372,397,31,69,3,651,236,688,1535,213,256,45,85,167,238,148,390,89,54,310,297,36,483,194,231,64,3,44,60,63,170,42,61,37,17,167,75,33,11,101,95,818,572,895,233,76,86,16,133,23,14,37
Gas; distribution of gaseous fuels through mains; steam and air conditioning supply    ,50,10,48,25,378,90,132,189,248,17,119,122,190,523,33,353,19,11,117,30,14,70,613,51,268,32,20,46,136,340,262,143,370,474,635,292,126,12,438,100,121,342,270,70,76,22,21,29,27,5,49,7893,2620,19,11,21,0,100,81,141,219,27,63,9,24,35,40,46,127,60,12,45,22,2,110,50,28,2,0,21,9,16,61,22,18,10,9,49,21,3,1,14,18,383,421,581,261,4,52,11,61,6,4,18
Natural water; water treatment and supply services         ,60,1,1,2,9,4,2,5,26,16,19,9,16,43,4,30,7,1,10,2,4,6,27,8,25,6,9,6,13,23,16,16,21,11,16,10,22,2,17,12,15,13,23,3,9,3,14,8,2,1,0,33,15,17,3,62,0,0,0,0,29,0,9,0,1,0,6,4,0,0,5,4,4,0,6,298,0,0,0,4,1,1,0,6,4,4,1,7,5,1,1,24,0,299,135,53,62,0,21,3,36,3,1,3
Sewerage services; sewage sludge            ,4,0,3,0,7,1,0,17,6,1,5,1,4,6,3,5,1,0,4,1,0,2,12,1,6,2,3,2,5,30,3,5,6,6,2,3,2,0,6,2,2,6,8,2,9,0,3,2,0,1,2,5,1,6,912,263,15,29,19,27,37,3,13,6,6,17,23,14,36,3,23,9,15,2,18,6,15,7,1,7,7,3,7,6,20,4,4,15,12,2,0,8,9,25,71,588,35,1,6,6,13,6,1,30
"Waste collection, treatment and disposal services; materials recovery services       ",12,0,11,0,14,4,0,55,20,1,12,3,12,31,6,10,3,0,10,55,3,6,34,9,8,5,6,5,14,39,9,16,20,11,26,430,189,0,16,4,4,13,16,4,13,1,9,3,0,3,5,10,4,12,402,4373,0,186,70,142,118,12,60,24,54,44,60,47,126,6,70,46,43,3,65,33,42,8,10,20,18,11,28,28,62,16,14,49,20,10,4,332,32,2062,69,1175,85,15,3,16,103,13,4,74
Remediation services and other waste management services         ,0,0,0,0,0,0,0,0,0,0,0,0,0,0,0,0,0,0,0,0,0,0,1,0,0,0,0,0,0,0,0,0,0,0,0,0,0,0,0,0,0,0,0,0,0,0,0,0,0,0,0,0,0,0,0,0,45,0,0,0,0,0,0,0,0,0,0,0,0,0,4,0,0,0,0,0,0,0,0,0,0,0,0,0,0,0,0,0,0,0,0,0,0,25,44,380,18,0,0,0,4,0,0,0
Construction,572,21,61,22,909,29,131,0,0,2,7,25,69,106,6,59,18,7,29,23,17,58,77,130,252,21,15,13,21,191,10,58,107,63,46,46,34,5,113,0,32,150,135,44,278,21,89,82,18,24,55,497,281,369,57,540,6,49313,490,2721,11453,53,485,443,321,1012,377,291,804,142,93,1081,301,30,1570,2598,66,11800,26,352,106,207,321,14,121,75,20,168,111,184,24,62,81,5596,675,690,298,89,176,38,184,168,14,135
Wholesale and retail trade and repair services of motor vehicles and motorcycles    ,652,39,4,0,59,1,5,16,7,1,5,4,12,16,3,9,2,1,2,1,0,2,5,5,39,2,10,5,3,5,3,30,17,3,5,13,11,2,14,15,11,19,47,0,9,3,5,9,2,1,8,41,16,17,17,137,0,1371,987,1549,784,208,1259,115,139,220,239,88,238,150,51,148,421,79,451,542,30,126,3,156,51,2,1,35,38,27,1,713,87,42,10,26,66,280,198,115,116,5,3,24,24,16,24,88
"Wholesale trade services, except of motor vehicles and motorcycles       ",0,0,0,0,0,0,0,0,0,0,0,0,0,0,0,0,0,0,0,0,0,0,0,0,0,0,0,0,0,0,0,0,0,0,0,0,0,0,0,0,0,0,0,0,0,0,0,0,0,0,0,0,0,0,0,0,0,0,0,0,0,0,0,0,0,0,0,0,0,0,0,0,0,0,0,0,0,0,0,0,0,0,0,0,0,0,0,0,0,0,0,0,0,0,0,0,0,0,0,0,0,0,0,0
"Retail trade services, except of motor vehicles and motorcycles       ",0,0,0,0,0,0,0,0,0,0,0,0,0,0,0,0,0,0,0,0,0,0,0,0,0,0,0,0,0,0,0,0,0,0,0,0,0,0,0,0,0,0,0,0,0,0,0,0,0,0,0,0,0,0,0,0,0,0,0,0,0,0,0,0,0,0,0,0,0,0,0,0,0,0,0,0,0,0,0,0,0,0,0,0,0,0,0,0,0,0,0,0,0,0,0,0,0,0,0,0,0,0,0,0
Rail transport services             ,2,2,4,1,98,3,2,0,0,0,1,3,0,0,0,2,0,2,1,1,0,0,0,1,1,0,0,2,1,4,2,0,2,4,2,0,0,1,4,0,1,2,7,1,2,3,0,2,1,0,1,1,0,0,0,7,0,1,4,16,4,10,1,1,0,25,40,2,2,4,4,2,0,1,12,45,3,0,0,0,1,1,0,2,1,0,0,4,0,14,0,0,0,752,132,296,8,0,12,1,36,1,0,2
"Land transport services and transport services via pipelines, excluding rail transport     ",135,46,0,24,16,449,2,381,197,17,272,251,247,187,155,291,151,27,92,113,15,199,350,207,100,91,127,111,85,329,40,74,203,471,279,141,86,2,267,104,151,72,210,4,87,21,133,65,2,5,51,12,6,7,41,1407,5,1145,1194,9877,2020,52,1081,22,34,642,522,150,420,252,37,210,162,19,681,453,56,48,7,134,132,62,225,40,112,35,149,363,100,200,10,60,85,828,1139,1383,582,4,3,13,51,6,8,52
Water transport services             ,3,0,12,1,219,5,25,3,0,0,2,7,1,3,0,13,0,5,2,1,0,0,3,45,19,1,1,12,5,11,1,1,4,10,5,15,3,1,13,11,7,7,35,1,7,11,2,11,0,1,8,1,2,0,1,29,0,17,49,228,16,12,17,2516,29,273,91,9,26,64,9,24,0,0,59,93,23,0,0,0,0,7,0,0,4,6,0,11,8,64,1,12,9,32,28,18,74,1,0,5,4,3,0,3
Air transport services             ,11,0,0,2,141,15,13,4,1,1,4,8,4,37,0,18,0,4,5,2,0,0,10,8,27,2,3,22,8,24,9,9,11,25,11,40,7,2,19,22,14,21,59,2,131,29,2,12,2,9,17,2,4,0,3,97,0,63,164,461,137,20,77,63,693,530,774,50,123,67,89,95,84,11,1586,579,53,45,2,77,55,163,64,23,99,59,0,91,131,110,25,34,147,251,27,40,119,16,6,26,38,75,4,25
Warehousing and support services for transportation          ,18,3,13,1,18,3,3,12,8,6,11,13,16,25,5,19,4,16,8,8,4,6,11,6,30,10,14,22,8,8,6,92,29,10,16,6,8,2,37,38,15,61,85,7,80,7,10,17,2,5,20,75,22,6,18,80,2,69,605,8416,973,2405,1763,2115,1052,8807,240,43,322,10,105,484,381,9,1395,548,138,98,35,52,33,71,242,20,25,41,1,152,224,1,21,153,204,228,126,32,102,18,5,36,36,46,5,57
Postal and courier services            ,36,4,0,2,75,4,9,9,11,1,11,26,8,220,9,31,56,4,6,2,3,9,54,7,55,8,96,14,9,92,3,258,33,36,11,15,29,2,41,2,12,24,52,2,42,3,9,3,0,2,2,24,1,3,16,71,2,164,224,1660,604,16,172,51,79,144,1165,107,289,18,93,361,246,12,3456,2641,1334,37,13,395,181,120,267,32,117,29,4,75,98,10,8,78,73,1433,246,262,351,15,4,24,37,84,5,61
Accommodation services              ,20,0,0,0,0,2,5,6,17,0,4,0,0,0,5,6,3,0,3,2,0,6,4,2,33,3,3,3,3,24,3,4,16,7,5,14,11,2,0,11,6,19,37,0,21,0,2,3,0,0,2,40,14,4,0,7,0,169,35,146,1089,0,135,34,102,85,0,211,119,11,69,66,93,8,819,1760,167,24,0,90,49,107,205,6,88,58,7,2,86,127,5,79,67,798,188,92,4537,0,3,19,40,44,0,4
Food and beverage serving services           ,25,0,1,1,76,1,3,118,2,6,10,21,23,54,6,7,4,2,3,2,1,5,10,4,34,2,5,5,4,27,2,11,19,7,5,16,8,1,0,367,7,26,43,3,22,3,4,6,2,2,7,47,13,6,0,55,0,131,41,165,1179,37,21,20,122,100,88,37,167,13,46,82,58,9,343,400,36,54,1,35,34,24,44,5,18,10,4,1,0,11,2,21,67,845,547,762,2725,20,3,21,18,117,5,14
Publishing services              ,0,11,0,1,0,1,0,6,5,1,4,7,10,27,2,11,1,5,5,6,1,3,15,143,10,6,12,14,5,6,3,68,20,7,17,3,6,1,26,0,16,39,42,1,37,6,5,7,3,3,11,60,14,17,0,30,0,31,73,80,90,7,15,7,13,86,33,10,32,2153,13,15,52,6,121,121,49,17,2,59,15,43,62,6,39,14,1,7,5,1,6,2,33,422,776,4,248,10,28,5,87,70,1,1
"Motion Picture, Video & TV Programme Production, Sound Recording & Music Publishing Activities & Programming And Broadcasting Activities",0,0,0,0,0,0,0,0,0,0,0,0,0,0,0,0,0,0,0,0,0,0,0,32,0,0,0,0,0,0,0,0,0,0,0,0,0,0,0,0,0,0,0,0,0,0,0,0,0,0,0,0,0,0,0,34,0,0,0,0,0,0,0,0,0,0,0,191,56,0,3856,0,0,11,0,0,0,0,0,0,0,10,0,0,159,0,0,0,0,0,0,0,0,291,234,46,71,94,62,20,284,251,0,8
Telecommunications services              ,171,5,8,2,21,7,3,12,9,1,3,5,9,22,3,15,6,3,9,10,5,10,15,15,20,6,6,13,6,6,8,59,31,15,9,10,8,2,73,43,21,72,32,3,26,4,18,15,2,2,16,58,14,23,59,79,2,268,282,1667,594,27,254,72,103,400,382,159,407,60,1135,4108,298,38,2852,1745,1257,161,35,389,133,572,251,28,631,86,16,142,160,83,26,180,179,2116,149,730,253,22,19,38,99,132,15,108
"Computer programming, consultancy and related services          ",0,1,2,9,320,18,18,58,31,1,21,18,42,88,25,73,30,22,25,42,14,33,58,101,146,36,22,63,27,139,16,468,91,34,33,107,72,26,91,133,123,231,285,42,833,56,38,97,18,59,82,381,108,120,0,166,5,1590,1159,2497,1173,340,685,766,892,263,856,542,622,166,458,1875,2368,521,3794,3223,2143,618,77,545,500,807,1154,128,562,393,36,399,339,257,102,282,390,2141,943,1417,572,255,70,147,182,444,169,553
Information services              ,0,1,0,0,0,1,2,11,5,0,4,1,5,14,6,48,8,3,4,1,0,6,15,34,0,4,0,9,5,20,1,51,10,4,4,11,9,2,0,17,10,25,51,4,68,4,6,9,2,2,11,36,10,0,0,0,0,116,141,433,458,38,164,43,132,245,210,65,127,45,192,215,326,62,703,933,171,62,7,71,48,215,209,40,123,92,4,57,28,16,29,84,147,0,48,24,33,1070,24,19,45,86,21,48
"Financial services, except insurance and pension funding         ",1011,19,26,25,1383,325,192,121,238,23,128,128,283,742,73,379,64,112,134,185,15,214,278,119,721,99,122,270,135,418,77,979,474,315,243,96,154,31,760,144,318,485,1492,49,1033,127,157,296,23,82,201,1258,292,171,48,886,3,3180,852,1947,2528,81,751,207,305,1105,575,482,1211,126,309,839,878,86,6636,1351,536,6656,285,521,471,770,976,205,442,435,15,570,921,395,56,310,452,3537,4,582,110,158,8,202,113,76,43,460
"Insurance and reinsurance, except compulsory social security & Pension funding",222,10,28,4,134,12,8,29,21,3,10,3,38,39,9,22,3,4,19,20,2,26,32,27,16,11,21,13,14,33,16,25,80,20,28,22,21,2,116,35,49,101,80,18,52,6,22,20,6,7,22,91,23,32,98,186,0,526,180,615,421,13,193,56,235,164,137,95,232,34,84,72,278,29,680,14019,55,839,15,87,50,57,63,24,61,24,11,131,37,46,9,62,51,537,147,632,194,11,5,24,53,9,10,57
Services auxiliary to financial services and insurance services        ,0,0,0,2,0,4,2,3,0,0,3,6,3,2,0,8,0,3,2,2,0,0,4,5,29,2,11,14,8,36,0,5,8,34,6,14,2,2,16,9,14,12,28,2,15,10,2,7,0,1,13,2,5,3,3,99,0,207,32,379,191,11,40,134,89,36,28,13,36,22,14,102,317,26,3326,2589,2579,32,8,86,37,88,431,31,25,60,0,68,89,4,16,68,151,31,23,3,0,4,0,11,10,0,10,25
"Real estate services, excluding on a fee or contract basis and imputed rent   ",71,0,0,0,17,2,2,16,5,0,4,7,27,46,1,10,4,4,8,8,5,18,22,53,11,5,4,11,4,0,5,22,54,10,9,4,6,0,73,28,39,60,31,4,52,11,25,0,2,5,17,77,84,45,4,314,3,1427,174,3088,7083,15,372,180,329,342,206,111,412,66,45,529,224,16,2020,2008,27,525,17,176,56,33,85,131,59,34,6,44,52,166,8,127,42,3217,353,1494,182,29,28,18,97,8,15,162
Real estate activities on a fee or contract basis       ,0,0,0,0,0,0,0,0,0,0,0,0,0,0,0,0,0,0,0,0,0,0,0,0,0,0,0,0,0,0,0,0,0,0,0,0,0,0,0,0,0,0,0,0,0,0,0,0,0,0,0,0,0,0,0,0,0,8,0,0,1,1,0,0,0,0,0,0,1,0,5,0,0,0,28,247,1,1,2,1,0,1,0,0,0,0,0,0,0,0,0,7,0,5,12,0,0,0,0,0,0,0,0,3
Legal services              ,0,0,2,0,935,0,109,0,0,0,5,9,14,27,3,18,3,5,8,6,4,3,14,13,29,10,12,25,8,52,9,94,30,8,6,4,7,2,41,27,16,56,42,3,65,3,10,17,2,5,16,87,11,17,21,89,2,984,199,871,357,53,229,217,119,302,119,94,258,27,116,163,915,225,2253,1357,236,192,66,1667,575,502,1041,55,501,229,21,707,300,22,67,237,543,2978,135,1755,230,17,4,47,36,49,70,539
"Accounting, bookkeeping and auditing services; tax consulting services        ",21,0,3,2,146,1,25,17,8,1,9,12,30,28,5,0,3,23,12,25,5,7,17,11,40,15,19,32,10,32,9,143,44,8,15,4,10,4,32,0,47,78,80,10,113,4,16,24,2,8,34,99,34,18,11,53,0,543,195,697,730,29,252,78,60,324,87,118,329,15,113,126,531,61,2307,929,96,193,32,679,260,315,1641,39,46,215,4,218,244,57,45,159,379,411,108,245,117,17,4,24,38,96,19,309
Services of head offices; management consulting services         ,8,0,0,2,3,2,0,23,7,2,3,8,10,29,3,495,71,34,34,17,23,14,20,53,9,22,216,22,5,41,3,107,49,11,17,10,9,2,34,31,31,51,607,3,36,4,22,32,2,2,20,92,23,4,22,49,0,1071,428,683,5292,56,194,80,150,474,221,150,394,159,421,244,1249,144,7991,1584,109,344,8,199,93,4032,730,35,1513,282,1,135,1223,78,104,347,1283,1616,211,11,52,230,83,115,260,58,48,154
Architectural and engineering services; technical testing and analysis services       ,28,0,0,6,298,7,43,21,143,1,18,30,37,68,8,46,8,20,28,52,4,16,41,108,55,24,0,31,17,75,10,185,119,29,30,44,19,7,80,337,57,217,191,17,935,13,34,43,17,69,66,342,41,51,0,217,5,3962,607,838,943,48,283,129,41,623,253,148,393,129,342,274,1457,250,1769,1093,82,664,120,336,319,629,4829,86,499,514,25,595,763,106,69,539,971,936,248,1908,112,54,38,78,136,246,54,130
Scientific research and development services           ,0,0,0,0,0,0,0,0,0,0,0,0,0,0,0,0,0,0,0,0,0,0,0,0,0,0,0,0,0,0,0,0,0,0,0,0,0,0,0,0,0,0,0,0,0,0,0,0,0,0,0,0,0,0,0,0,0,4,0,0,0,0,0,0,0,0,0,0,0,0,11,0,0,0,0,0,0,0,0,0,0,0,0,2625,0,0,0,0,0,0,0,0,0,134,66,1870,0,0,0,0,0,31,0,0
Advertising and market research services           ,57,1,2,2,112,4,9,51,116,7,34,236,93,395,17,249,105,91,65,56,20,33,48,54,37,62,175,37,5,3,3,268,93,29,34,21,14,4,80,89,56,105,144,11,72,17,42,64,5,2,40,212,52,9,3,159,3,468,489,967,1771,109,523,174,246,422,390,217,561,737,432,713,1199,151,2650,1923,147,275,32,237,76,764,714,21,239,174,5,488,186,39,46,144,458,1436,138,143,224,60,46,76,156,381,53,156
"Other professional, scientific and technical services          ",6,0,2,0,35,2,4,29,12,1,7,6,0,25,1,10,5,2,3,2,0,5,8,7,35,3,6,163,5,15,3,37,22,7,5,8,5,2,98,199,16,32,40,4,42,6,5,7,5,4,17,37,4,3,3,150,3,412,177,438,211,20,154,28,36,186,120,63,188,13,143,93,936,102,695,574,73,96,7,124,32,650,406,523,73,958,8,115,61,15,14,101,1309,693,828,371,139,35,25,50,141,118,32,73
Veterinary services              ,168,0,0,0,0,0,0,0,0,0,0,0,0,0,0,0,0,0,0,0,0,0,0,0,0,0,0,0,0,0,0,1,0,0,0,0,0,0,0,0,0,0,0,0,0,0,0,0,0,0,0,2,0,0,0,0,0,0,0,0,1,0,0,0,0,0,0,1,0,0,5,0,0,0,0,0,0,0,0,0,0,0,0,0,0,0,37,0,0,0,0,0,0,5,5,8,4,0,0,0,57,0,0,0
Rental and leasing services            ,75,20,7,40,337,62,111,78,31,1,39,14,51,88,18,75,31,0,30,24,4,35,47,113,43,28,32,42,18,45,20,32,121,141,70,74,21,2,296,81,98,136,207,33,80,40,44,36,21,5,70,102,57,32,0,1222,6,7595,638,415,178,1362,1213,8,39,942,252,20,44,111,74,75,263,29,155,359,80,48,7,100,43,59,83,26,48,34,12,824,110,146,11,54,86,218,1203,920,150,11,12,14,53,27,14,193
Employment services              ,12,1,8,0,346,4,8,307,127,1,49,25,93,161,3,18,13,0,12,5,0,6,18,22,48,6,18,22,8,0,7,111,57,16,24,25,9,6,63,193,51,96,127,19,51,26,17,15,7,4,1355,224,138,59,45,338,4,960,55,1390,924,51,497,92,99,563,264,176,474,557,370,240,1904,242,2089,1132,207,206,36,318,80,1515,821,584,145,219,17,274,4263,82,113,193,505,981,934,2175,1800,110,67,33,1085,53,93,203
"Travel agency, tour operator and other reservation services and related services     ",18,0,6,0,0,4,0,12,7,0,5,5,20,15,5,23,0,7,8,4,4,7,14,9,0,0,0,0,0,0,0,0,0,0,0,0,0,0,0,0,21,62,108,0,87,0,10,17,0,5,36,79,26,0,15,0,0,65,788,422,1025,24,1713,1132,1083,312,260,292,911,12,127,302,62,13,707,0,246,58,14,48,95,0,0,0,0,0,0,0,225,3739,0,0,0,219,358,87,12,14,0,0,0,0,0,0
Security and investigation services            ,0,0,0,0,0,0,0,0,0,0,0,0,0,0,0,0,0,0,0,0,0,0,0,0,0,0,0,0,0,0,0,0,0,0,0,0,0,0,0,0,0,0,0,0,0,0,0,0,0,0,0,0,0,0,10,126,0,835,46,172,95,7,50,10,9,58,64,19,29,1,67,25,216,31,1428,107,18,0,1,21,8,0,0,39,0,548,0,36,0,71,107,73,0,585,397,250,151,25,81,19,85,12,12,22
Services to buildings and landscape           ,0,0,1,0,0,0,1,0,0,0,0,0,0,0,0,26,2,15,5,1,0,8,11,8,29,2,9,9,8,24,2,27,27,2,8,8,6,1,0,15,11,25,29,2,17,3,6,6,2,1,18,22,9,0,0,185,3,477,137,496,384,18,157,38,134,194,108,116,316,9,194,82,632,87,545,458,80,509,36,110,31,1269,284,121,56,239,14,100,35,15,71,2288,44,648,782,834,248,522,274,54,244,65,29,92
"Office administrative, office support and other business support services       ",21,0,6,0,38,4,14,0,60,1,15,9,6,25,3,15,12,3,9,4,0,10,20,14,115,3,6,20,7,62,8,100,69,8,21,20,15,2,0,61,45,71,86,10,49,14,19,18,5,5,56,57,17,3,10,312,9,1093,490,2010,1096,60,759,37,109,645,336,202,602,38,725,267,2352,326,2000,1110,238,228,11,359,92,2616,930,648,160,777,20,286,0,72,85,162,7227,1092,1094,248,371,430,86,150,303,382,102,227
Public administration and defence services; compulsory social security services       ,11,5,0,2,13,3,3,4,8,1,2,10,11,13,3,27,3,4,11,4,3,6,12,5,14,8,20,18,4,0,7,74,21,1,6,16,12,2,47,7,13,43,39,3,31,3,8,15,1,2,6,24,3,19,0,101,0,734,22,85,256,80,1483,20,81,19,179,25,64,4,33,21,18,4,138,52,9,3168,1,5,7,107,3668,20,3,8,1,9,73,2,9,29,53,308,4,69,0,8,2,8,17,5,1,18
Education services              ,11,0,0,0,14,0,1,0,0,1,4,6,11,29,1,0,6,11,8,5,3,2,9,8,15,9,11,16,5,23,7,59,32,9,9,6,6,1,31,25,15,40,52,2,59,2,7,12,3,2,16,60,9,6,22,126,0,160,34,206,286,25,89,32,112,221,240,58,189,9,117,350,364,5,1357,531,84,135,4,714,336,201,502,176,240,70,17,10,230,40,23,83,135,5301,8546,187,462,26,5,25,48,59,17,109
Human health services             ,0,0,1,0,14,0,2,0,1,0,1,1,1,1,0,1,0,0,1,2,0,1,1,1,4,1,1,2,1,0,1,9,3,1,0,1,2,1,4,2,2,4,3,1,4,0,1,1,0,0,2,11,1,1,0,19,0,7,4,18,5,1,3,2,2,3,3,2,8,1,6,8,3,0,47,261,3,0,1,3,4,1,2,5,2,1,103,1,3,1,0,8,1,195,15,11734,32,0,0,5,0,6,0,10
Residential Care  & Social Work Activities,0,0,0,0,6,0,0,0,0,0,0,0,0,0,0,7,0,0,0,0,0,0,0,14,0,0,0,0,0,0,0,0,0,0,0,0,0,0,0,10,0,0,0,0,0,0,0,0,0,0,0,0,0,0,1,0,0,9,17,0,34,0,10,0,0,13,0,23,27,136,0,0,0,0,6,7,0,0,0,0,0,0,0,0,0,0,190,0,0,0,0,1,2,16,76,1332,22595,18,0,8,38,33,0,33
"Creative, arts and entertainment services           ",0,0,0,0,0,0,0,0,0,0,0,0,0,0,0,0,0,0,0,0,0,0,0,10,0,0,0,0,0,0,0,0,0,0,0,3,0,0,0,0,0,0,0,0,0,0,0,0,0,0,0,0,0,0,0,21,0,0,0,0,0,0,0,0,6,0,23,19,14,144,330,15,0,6,28,0,3,0,0,4,3,9,0,0,17,0,0,0,24,0,0,0,26,293,90,6,189,417,67,0,229,20,0,8
"Libraries, archives, museums and other cultural services         ",0,0,0,0,0,0,0,0,0,0,0,0,0,0,0,0,0,0,0,0,0,0,0,13,0,0,0,0,0,0,0,0,0,0,0,0,0,0,0,0,0,0,0,0,0,0,0,0,0,0,0,0,0,0,0,12,0,0,0,0,0,0,0,0,3,0,0,0,0,217,220,0,0,0,0,4,0,0,0,4,6,13,11,0,16,4,0,0,20,0,0,0,19,273,95,37,50,41,357,0,257,23,0,4
Gambling and betting services            ,0,0,0,0,0,0,0,0,0,0,0,0,0,0,0,0,0,0,0,0,0,0,0,0,0,0,0,0,0,0,0,0,0,0,0,0,0,0,0,0,0,0,0,0,0,0,0,0,0,0,0,0,0,0,0,0,0,0,0,0,0,0,0,0,0,0,0,188,0,0,0,0,0,0,524,0,0,0,0,0,0,0,0,0,0,0,0,0,0,0,0,0,0,0,0,0,0,0,0,1331,575,1928,0,0
Sports services and amusement and recreation services         ,2,0,0,0,102,5,20,5,0,6,0,5,0,0,0,0,0,0,5,0,0,0,5,5,0,0,0,0,0,0,0,0,0,14,5,0,0,0,5,0,0,0,0,0,5,9,0,5,0,0,9,5,0,0,0,23,0,17,2,7,7,0,0,0,0,5,5,0,5,20,210,14,18,0,113,90,5,33,0,5,6,7,7,29,6,5,0,2,22,136,2,31,7,173,75,0,32,16,32,7,85,91,0,5
Services furnished by membership organisations           ,0,12,0,0,0,0,0,1,0,0,0,0,5,3,1,3,0,4,0,2,0,0,3,5,12,3,4,3,3,2,3,22,8,0,0,0,3,2,9,6,6,11,13,3,12,1,3,3,0,1,4,30,5,4,0,6,0,12,4,32,36,9,29,3,12,111,78,57,138,7,1323,132,9,3,304,64,15,0,1,14,19,12,37,3,123,76,0,6,259,8,27,91,107,212,133,10,548,505,117,313,833,1072,2,34
Repair services of computers and personal and household goods       ,1,0,0,0,4,0,1,0,0,0,0,0,0,0,0,0,0,0,0,1,0,0,0,3,0,0,0,2,0,0,0,0,0,0,1,0,0,0,0,0,2,0,2,0,0,0,0,0,0,0,0,0,0,0,0,26,0,0,0,59,48,0,30,4,30,18,11,7,6,6,20,0,66,10,112,29,38,0,2,4,9,13,30,2,4,4,0,6,22,2,2,4,13,1166,146,455,98,0,8,5,29,3,33,11
Other personal services             ,0,1,22,0,8,0,1,0,0,0,0,0,0,3,0,3,0,0,0,0,0,0,0,4,2,1,0,0,1,2,1,4,2,2,3,0,5,0,6,6,0,2,0,0,14,3,2,5,0,1,4,17,3,0,0,27,4,5,0,20,123,7,13,45,101,29,155,28,222,13,99,69,36,5,299,24,7,0,3,13,35,20,75,6,75,23,7,154,73,3,11,12,0,431,67,418,336,15,4,11,31,8,1,207
